batch,seq_len,num_kv_heads,num_heads,head_dim,kv_dtype,total_q,total_blocks,cache_mb,latency_ms,p50_ms,ref_ms,speedup,topk,timestamp,step_idx_decode_ms,step_attn_decode_ms
8,1024,8,48,128,bfloat16,8,64,34.0,0.1725,0.2399,,,32,2026-07-07T11:05:54.194066,0.0819,0.0363
8,1024,8,48,128,float8_e4m3fn,8,64,18.0,0.1669,0.2385,,,32,2026-07-07T11:05:55.324537,0.0761,0.043
8,1024,8,48,128,bfloat16,8192,64,34.0,2.8808,2.9229,,,16,2026-07-07T11:50:56.997703,0.0438,0.2818,2.5703
8,1024,8,48,128,float8_e4m3fn,8192,64,18.0,4.8743,4.9151,,,16,2026-07-07T11:50:58.483983,0.0438,0.282,4.5598
8,1024,8,48,128,bfloat16,8,64,34.0,0.1929,0.2397,,,16,2026-07-07T11:52:28.785668,0.0752,0.0285
8,1024,8,48,128,float8_e4m3fn,8,64,18.0,0.1665,0.2349,,,16,2026-07-07T11:52:29.860753,0.0745,0.0535
8,1024,8,48,128,bfloat16,8192,64,34.0,2.8842,2.9198,,,16,2026-07-07T16:41:16.525834,0.0437,0.2816,2.5687
8,1024,8,48,128,float8_e4m3fn,8192,64,18.0,4.8719,4.9106,,,16,2026-07-07T16:41:17.160898,0.0437,0.2816,4.559
8,1024,8,48,128,bfloat16,8192,64,34.0,2.8857,2.918,,,16,2026-07-07T16:46:48.277025,0.0437,0.2814,2.5686
8,1024,8,48,128,float8_e4m3fn,8192,64,18.0,4.8741,4.9168,,,16,2026-07-07T16:46:49.868631,0.0434,0.2813,4.5597
8,1024,8,48,128,bfloat16,8192,64,34.0,2.8819,2.918,,,16,2026-07-07T18:16:11.208183
8,1024,8,48,128,float8_e4m3fn,8192,64,18.0,4.8724,4.9151,,,16,2026-07-07T18:16:11.607659
8,1024,8,48,128,bfloat16,8192,64,34.0,2.883,2.9176,,,16,2026-07-07T18:30:38.759331
8,1024,8,48,128,float8_e4m3fn,8192,64,18.0,4.8718,4.9123,,,16,2026-07-07T18:30:39.960386
8,1024,8,48,128,bfloat16,8192,64,34.0,2.8807,2.9186,,,16,2026-07-08T10:11:41.596180
8,1024,8,48,128,float8_e4m3fn,8192,64,18.0,4.879,4.9141,,,16,2026-07-08T10:11:41.994486
8,1024,8,48,128,bfloat16,8192,64,34.0,2.7394,2.7881,,,32,2026-07-08T11:47:01.263972,0.0432,0.1012,2.6086
8,1024,8,48,128,float8_e4m3fn,8192,64,18.0,4.3634,4.4156,,,32,2026-07-08T11:47:02.663708,0.0431,0.1012,4.2288
8,1024,8,48,128,bfloat16,8192,64,34.0,2.7381,2.8004,137524.94,50227.2,32,2026-07-08T15:05:13.217123,0.0433,0.1014,2.6055
8,1024,8,48,128,float8_e4m3fn,8192,64,18.0,4.3685,4.4403,135483.47,31013.9,32,2026-07-08T15:07:29.805009,0.0433,0.1011,4.2304
